"HOUST","HOUSTNE","HOUSTMW","HOUSTS","HOUSTW","PERMIT","PERMITNE","PERMITMW","PERMITS","PERMITW"
6.99962298931731,4.84280185505045,5.3101838433585,6.21313519226459,5.51799088625795,6.96703134855927,4.87627871163342,5.28990823901995,6.12523101900112,5.52474809530032
7.02863869359202,4.87121416274406,5.34081241305027,6.23776455115439,5.55510302702849,6.99578237660385,4.90462548597712,5.31907811364164,6.15012316927486,5.56124446123876
7.05008242278872,4.89590689498404,5.36866231348826,6.25685027552371,5.57566439353946,7.01186267417342,4.92576805726604,5.33794753382434,6.16039918254044,5.5844291161677
7.05030125990718,4.89624438742233,5.36964097297415,6.25747306189703,5.57471926243813,7.01150591688573,4.92594435990447,5.3379567012214,6.15965462293943,5.58444892938546
7.04555578902722,4.89021331050279,5.36325896525147,6.25347072119546,5.57027490506768,7.00830615445839,4.92119423979861,5.33395394686455,6.1579172040606,5.57974922227445
