"HOUST","HOUSTNE","HOUSTMW","HOUSTS","HOUSTW","PERMIT","PERMITNE","PERMITMW","PERMITS","PERMITW"
7.06781239928024,4.6654105264138,5.0606032483646,6.39320204012458,5.72620641488968,7.12278276471886,4.72387895002797,5.15956795237742,6.4832189571724,5.74528387487959
7.09572151887557,4.656365917042,5.09366220818995,6.42762226966106,5.7775631296697,7.1580904328707,4.74759297470847,5.19255505482524,6.51075142652154,5.78375629226063
7.11249023845263,4.6922430865337,5.12703693795374,6.44067077605296,5.78523860348081,7.17470892499179,4.76514782277524,5.20261829036877,6.52293889222509,5.80552458353937
7.11190913665735,4.69426428083634,5.12994843685093,6.44062195013811,5.79595027802082,7.17239128174708,4.76445298869883,5.19871716461261,6.53163107071142,5.80655959603097
7.10701857316359,4.68567283233952,5.12400526384514,6.43632736502196,5.78096096882399,7.16880046722024,4.75915971483095,5.19093718231407,6.52284757901987,5.80113223005533
