"HOUST","HOUSTNE","HOUSTMW","HOUSTS","HOUSTW","PERMIT","PERMITNE","PERMITMW","PERMITS","PERMITW"
7.05783516637,4.63375937565867,5.0977531694205,6.39716532890241,5.73420862550598,7.12803812501543,4.70168807257154,5.17433210164044,6.48713639243686,5.74670460391013
7.08479132340608,4.66217168335227,5.12838173911227,6.4217946877922,5.77132076627651,7.15678915306002,4.73003484691523,5.20350197626213,6.5120285427106,5.78320096984858
7.10425065167685,4.68686441559225,5.15623163955026,6.44088041216152,5.79188213278748,7.17286945062959,4.75117741820415,5.22237139644483,6.52230455597618,5.80638562477751
7.10255749233268,4.68720190803055,5.15721029903615,6.44150319853484,5.79093700168615,7.17251269334189,4.75135372084259,5.22238056384189,6.52155999637517,5.80640543799527
7.09596978764539,4.68117083111101,5.15082829131347,6.43750085783327,5.78649264431571,7.16931293091455,4.74660360073673,5.21837780948504,6.51982257749634,5.80170573088426
